Environment;Object;Role Index;Role;Privilege Index;Privilege;Value
devinternal;GxP Request Privileges;2;System Admin;1;View;1
devinternal;GxP Request Privileges;2;System Admin;2;Add;1
devinternal;GxP Request Privileges;2;System Admin;3;Edit;1
devinternal;GxP Request Privileges;2;System Admin;4;Move;1
devinternal;GxP Request Privileges;2;System Admin;5;Export;1
devinternal;GxP Request Privileges;2;System Admin;6;Share;1
devinternal;GxP Request Privileges;2;System Admin;7;Read Dependent Share;1
devinternal;GxP Request Privileges;2;System Admin;8;Trash;1
devinternal;GxP Request Privileges;2;System Admin;9;Share Templates;1
devinternal;GxP Request Privileges;2;System Admin;10;Add Reviewers and Keep Open;1
devinternal;GxP Request Privileges;2;System Admin;11;Sign and Add Reviewers;1
devinternal;GxP Request Privileges;2;System Admin;12;Sign and Keep Open;1
devinternal;GxP Request Privileges;2;System Admin;13;Void;1
devinternal;GxP Request Privileges;2;System Admin;14;Sign and Close Without Witnessing;1
devinternal;GxP Request Privileges;2;System Admin;15;Two Stage Review;1
devinternal;GxP Request Privileges;2;System Admin;16;Close Without Signing;1
devinternal;GxP Request Privileges;2;System Admin;17;Approve;1
devinternal;GxP Request Privileges;3;Inventory Admin;1;View;0
devinternal;GxP Request Privileges;3;Inventory Admin;2;Add;0
devinternal;GxP Request Privileges;3;Inventory Admin;3;Edit;0
devinternal;GxP Request Privileges;3;Inventory Admin;4;Move;0
devinternal;GxP Request Privileges;3;Inventory Admin;5;Export;0
devinternal;GxP Request Privileges;3;Inventory Admin;6;Share;0
devinternal;GxP Request Privileges;3;Inventory Admin;7;Read Dependent Share;0
devinternal;GxP Request Privileges;3;Inventory Admin;8;Trash;0
devinternal;GxP Request Privileges;3;Inventory Admin;9;Share Templates;0
devinternal;GxP Request Privileges;3;Inventory Admin;10;Add Reviewers and Keep Open;0
devinternal;GxP Request Privileges;3;Inventory Admin;11;Sign and Add Reviewers;0
devinternal;GxP Request Privileges;3;Inventory Admin;12;Sign and Keep Open;0
devinternal;GxP Request Privileges;3;Inventory Admin;13;Void;0
devinternal;GxP Request Privileges;3;Inventory Admin;14;Sign and Close Without Witnessing;0
devinternal;GxP Request Privileges;3;Inventory Admin;15;Two Stage Review;0
devinternal;GxP Request Privileges;3;Inventory Admin;16;Close Without Signing;0
devinternal;GxP Request Privileges;3;Inventory Admin;17;Approve;0
devinternal;GxP Request Privileges;4;Standard User;1;View;0
devinternal;GxP Request Privileges;4;Standard User;2;Add;0
devinternal;GxP Request Privileges;4;Standard User;3;Edit;0
devinternal;GxP Request Privileges;4;Standard User;4;Move;0
devinternal;GxP Request Privileges;4;Standard User;5;Export;0
devinternal;GxP Request Privileges;4;Standard User;6;Share;0
devinternal;GxP Request Privileges;4;Standard User;7;Read Dependent Share;0
devinternal;GxP Request Privileges;4;Standard User;8;Trash;0
devinternal;GxP Request Privileges;4;Standard User;9;Share Templates;0
devinternal;GxP Request Privileges;4;Standard User;10;Add Reviewers and Keep Open;0
devinternal;GxP Request Privileges;4;Standard User;11;Sign and Add Reviewers;0
devinternal;GxP Request Privileges;4;Standard User;12;Sign and Keep Open;0
devinternal;GxP Request Privileges;4;Standard User;13;Void;0
devinternal;GxP Request Privileges;4;Standard User;14;Sign and Close Without Witnessing;0
devinternal;GxP Request Privileges;4;Standard User;15;Two Stage Review;0
devinternal;GxP Request Privileges;4;Standard User;16;Close Without Signing;0
devinternal;GxP Request Privileges;4;Standard User;17;Approve;0
devinternal;GxP Request Privileges;5;Archivist;1;View;0
devinternal;GxP Request Privileges;5;Archivist;2;Add;0
devinternal;GxP Request Privileges;5;Archivist;3;Edit;0
devinternal;GxP Request Privileges;5;Archivist;4;Move;0
devinternal;GxP Request Privileges;5;Archivist;5;Export;0
devinternal;GxP Request Privileges;5;Archivist;6;Share;0
devinternal;GxP Request Privileges;5;Archivist;7;Read Dependent Share;0
devinternal;GxP Request Privileges;5;Archivist;8;Trash;0
devinternal;GxP Request Privileges;5;Archivist;9;Share Templates;0
devinternal;GxP Request Privileges;5;Archivist;10;Add Reviewers and Keep Open;0
devinternal;GxP Request Privileges;5;Archivist;11;Sign and Add Reviewers;0
devinternal;GxP Request Privileges;5;Archivist;12;Sign and Keep Open;0
devinternal;GxP Request Privileges;5;Archivist;13;Void;0
devinternal;GxP Request Privileges;5;Archivist;14;Sign and Close Without Witnessing;0
devinternal;GxP Request Privileges;5;Archivist;15;Two Stage Review;0
devinternal;GxP Request Privileges;5;Archivist;16;Close Without Signing;0
devinternal;GxP Request Privileges;5;Archivist;17;Approve;0
devinternal;GxP Request Privileges;6;Disc Pharm Super User;1;View;0
devinternal;GxP Request Privileges;6;Disc Pharm Super User;2;Add;0
devinternal;GxP Request Privileges;6;Disc Pharm Super User;3;Edit;0
devinternal;GxP Request Privileges;6;Disc Pharm Super User;4;Move;0
devinternal;GxP Request Privileges;6;Disc Pharm Super User;5;Export;0
devinternal;GxP Request Privileges;6;Disc Pharm Super User;6;Share;0
devinternal;GxP Request Privileges;6;Disc Pharm Super User;7;Read Dependent Share;0
devinternal;GxP Request Privileges;6;Disc Pharm Super User;8;Trash;0
devinternal;GxP Request Privileges;6;Disc Pharm Super User;9;Share Templates;0
devinternal;GxP Request Privileges;6;Disc Pharm Super User;10;Add Reviewers and Keep Open;0
devinternal;GxP Request Privileges;6;Disc Pharm Super User;11;Sign and Add Reviewers;0
devinternal;GxP Request Privileges;6;Disc Pharm Super User;12;Sign and Keep Open;0
devinternal;GxP Request Privileges;6;Disc Pharm Super User;13;Void;0
devinternal;GxP Request Privileges;6;Disc Pharm Super User;14;Sign and Close Without Witnessing;0
devinternal;GxP Request Privileges;6;Disc Pharm Super User;15;Two Stage Review;0
devinternal;GxP Request Privileges;6;Disc Pharm Super User;16;Close Without Signing;0
devinternal;GxP Request Privileges;6;Disc Pharm Super User;17;Approve;0
devinternal;GxP Request Privileges;7;Disc Pharm User;1;View;0
devinternal;GxP Request Privileges;7;Disc Pharm User;2;Add;0
devinternal;GxP Request Privileges;7;Disc Pharm User;3;Edit;0
devinternal;GxP Request Privileges;7;Disc Pharm User;4;Move;0
devinternal;GxP Request Privileges;7;Disc Pharm User;5;Export;0
devinternal;GxP Request Privileges;7;Disc Pharm User;6;Share;0
devinternal;GxP Request Privileges;7;Disc Pharm User;7;Read Dependent Share;0
devinternal;GxP Request Privileges;7;Disc Pharm User;8;Trash;0
devinternal;GxP Request Privileges;7;Disc Pharm User;9;Share Templates;0
devinternal;GxP Request Privileges;7;Disc Pharm User;10;Add Reviewers and Keep Open;0
devinternal;GxP Request Privileges;7;Disc Pharm User;11;Sign and Add Reviewers;0
devinternal;GxP Request Privileges;7;Disc Pharm User;12;Sign and Keep Open;0
devinternal;GxP Request Privileges;7;Disc Pharm User;13;Void;0
devinternal;GxP Request Privileges;7;Disc Pharm User;14;Sign and Close Without Witnessing;0
devinternal;GxP Request Privileges;7;Disc Pharm User;15;Two Stage Review;0
devinternal;GxP Request Privileges;7;Disc Pharm User;16;Close Without Signing;0
devinternal;GxP Request Privileges;7;Disc Pharm User;17;Approve;0
devinternal;GxP Request Privileges;8;FL-Approver;1;View;0
devinternal;GxP Request Privileges;8;FL-Approver;2;Add;0
devinternal;GxP Request Privileges;8;FL-Approver;3;Edit;0
devinternal;GxP Request Privileges;8;FL-Approver;4;Move;0
devinternal;GxP Request Privileges;8;FL-Approver;5;Export;0
devinternal;GxP Request Privileges;8;FL-Approver;6;Share;0
devinternal;GxP Request Privileges;8;FL-Approver;7;Read Dependent Share;0
devinternal;GxP Request Privileges;8;FL-Approver;8;Trash;0
devinternal;GxP Request Privileges;8;FL-Approver;9;Share Templates;0
devinternal;GxP Request Privileges;8;FL-Approver;10;Add Reviewers and Keep Open;0
devinternal;GxP Request Privileges;8;FL-Approver;11;Sign and Add Reviewers;0
devinternal;GxP Request Privileges;8;FL-Approver;12;Sign and Keep Open;0
devinternal;GxP Request Privileges;8;FL-Approver;13;Void;0
devinternal;GxP Request Privileges;8;FL-Approver;14;Sign and Close Without Witnessing;0
devinternal;GxP Request Privileges;8;FL-Approver;15;Two Stage Review;0
devinternal;GxP Request Privileges;8;FL-Approver;16;Close Without Signing;0
devinternal;GxP Request Privileges;8;FL-Approver;17;Approve;0
devinternal;GxP Request Privileges;9;FL-Archivist;1;View;0
devinternal;GxP Request Privileges;9;FL-Archivist;2;Add;0
devinternal;GxP Request Privileges;9;FL-Archivist;3;Edit;0
devinternal;GxP Request Privileges;9;FL-Archivist;4;Move;0
devinternal;GxP Request Privileges;9;FL-Archivist;5;Export;0
devinternal;GxP Request Privileges;9;FL-Archivist;6;Share;0
devinternal;GxP Request Privileges;9;FL-Archivist;7;Read Dependent Share;0
devinternal;GxP Request Privileges;9;FL-Archivist;8;Trash;0
devinternal;GxP Request Privileges;9;FL-Archivist;9;Share Templates;0
devinternal;GxP Request Privileges;9;FL-Archivist;10;Add Reviewers and Keep Open;0
devinternal;GxP Request Privileges;9;FL-Archivist;11;Sign and Add Reviewers;0
devinternal;GxP Request Privileges;9;FL-Archivist;12;Sign and Keep Open;0
devinternal;GxP Request Privileges;9;FL-Archivist;13;Void;0
devinternal;GxP Request Privileges;9;FL-Archivist;14;Sign and Close Without Witnessing;0
devinternal;GxP Request Privileges;9;FL-Archivist;15;Two Stage Review;0
devinternal;GxP Request Privileges;9;FL-Archivist;16;Close Without Signing;0
devinternal;GxP Request Privileges;9;FL-Archivist;17;Approve;0
devinternal;GxP Request Privileges;10;FL-Author;1;View;0
devinternal;GxP Request Privileges;10;FL-Author;2;Add;0
devinternal;GxP Request Privileges;10;FL-Author;3;Edit;0
devinternal;GxP Request Privileges;10;FL-Author;4;Move;0
devinternal;GxP Request Privileges;10;FL-Author;5;Export;0
devinternal;GxP Request Privileges;10;FL-Author;6;Share;0
devinternal;GxP Request Privileges;10;FL-Author;7;Read Dependent Share;0
devinternal;GxP Request Privileges;10;FL-Author;8;Trash;0
devinternal;GxP Request Privileges;10;FL-Author;9;Share Templates;0
devinternal;GxP Request Privileges;10;FL-Author;10;Add Reviewers and Keep Open;0
devinternal;GxP Request Privileges;10;FL-Author;11;Sign and Add Reviewers;0
devinternal;GxP Request Privileges;10;FL-Author;12;Sign and Keep Open;0
devinternal;GxP Request Privileges;10;FL-Author;13;Void;0
devinternal;GxP Request Privileges;10;FL-Author;14;Sign and Close Without Witnessing;0
devinternal;GxP Request Privileges;10;FL-Author;15;Two Stage Review;0
devinternal;GxP Request Privileges;10;FL-Author;16;Close Without Signing;0
devinternal;GxP Request Privileges;10;FL-Author;17;Approve;0
devinternal;GxP Request Privileges;11;Gxp Recipe Builder;1;View;0
devinternal;GxP Request Privileges;11;Gxp Recipe Builder;2;Add;0
devinternal;GxP Request Privileges;11;Gxp Recipe Builder;3;Edit;0
devinternal;GxP Request Privileges;11;Gxp Recipe Builder;4;Move;0
devinternal;GxP Request Privileges;11;Gxp Recipe Builder;5;Export;0
devinternal;GxP Request Privileges;11;Gxp Recipe Builder;6;Share;0
devinternal;GxP Request Privileges;11;Gxp Recipe Builder;7;Read Dependent Share;0
devinternal;GxP Request Privileges;11;Gxp Recipe Builder;8;Trash;0
devinternal;GxP Request Privileges;11;Gxp Recipe Builder;9;Share Templates;0
devinternal;GxP Request Privileges;11;Gxp Recipe Builder;10;Add Reviewers and Keep Open;0
devinternal;GxP Request Privileges;11;Gxp Recipe Builder;11;Sign and Add Reviewers;0
devinternal;GxP Request Privileges;11;Gxp Recipe Builder;12;Sign and Keep Open;0
devinternal;GxP Request Privileges;11;Gxp Recipe Builder;13;Void;0
devinternal;GxP Request Privileges;11;Gxp Recipe Builder;14;Sign and Close Without Witnessing;0
devinternal;GxP Request Privileges;11;Gxp Recipe Builder;15;Two Stage Review;0
devinternal;GxP Request Privileges;11;Gxp Recipe Builder;16;Close Without Signing;0
devinternal;GxP Request Privileges;11;Gxp Recipe Builder;17;Approve;0
devinternal;GxP Request Privileges;12;GxP Std User;1;View;1
devinternal;GxP Request Privileges;12;GxP Std User;2;Add;1
devinternal;GxP Request Privileges;12;GxP Std User;3;Edit;1
devinternal;GxP Request Privileges;12;GxP Std User;4;Move;0
devinternal;GxP Request Privileges;12;GxP Std User;5;Export;1
devinternal;GxP Request Privileges;12;GxP Std User;6;Share;0
devinternal;GxP Request Privileges;12;GxP Std User;7;Read Dependent Share;1
devinternal;GxP Request Privileges;12;GxP Std User;8;Trash;0
devinternal;GxP Request Privileges;12;GxP Std User;9;Share Templates;0
devinternal;GxP Request Privileges;12;GxP Std User;10;Add Reviewers and Keep Open;0
devinternal;GxP Request Privileges;12;GxP Std User;11;Sign and Add Reviewers;0
devinternal;GxP Request Privileges;12;GxP Std User;12;Sign and Keep Open;0
devinternal;GxP Request Privileges;12;GxP Std User;13;Void;1
devinternal;GxP Request Privileges;12;GxP Std User;14;Sign and Close Without Witnessing;0
devinternal;GxP Request Privileges;12;GxP Std User;15;Two Stage Review;0
devinternal;GxP Request Privileges;12;GxP Std User;16;Close Without Signing;1
devinternal;GxP Request Privileges;12;GxP Std User;17;Approve;0
devinternal;GxP Request Privileges;13;GxP Superuser;1;View;0
devinternal;GxP Request Privileges;13;GxP Superuser;2;Add;0
devinternal;GxP Request Privileges;13;GxP Superuser;3;Edit;0
devinternal;GxP Request Privileges;13;GxP Superuser;4;Move;0
devinternal;GxP Request Privileges;13;GxP Superuser;5;Export;0
devinternal;GxP Request Privileges;13;GxP Superuser;6;Share;0
devinternal;GxP Request Privileges;13;GxP Superuser;7;Read Dependent Share;0
devinternal;GxP Request Privileges;13;GxP Superuser;8;Trash;0
devinternal;GxP Request Privileges;13;GxP Superuser;9;Share Templates;0
devinternal;GxP Request Privileges;13;GxP Superuser;10;Add Reviewers and Keep Open;0
devinternal;GxP Request Privileges;13;GxP Superuser;11;Sign and Add Reviewers;0
devinternal;GxP Request Privileges;13;GxP Superuser;12;Sign and Keep Open;0
devinternal;GxP Request Privileges;13;GxP Superuser;13;Void;0
devinternal;GxP Request Privileges;13;GxP Superuser;14;Sign and Close Without Witnessing;0
devinternal;GxP Request Privileges;13;GxP Superuser;15;Two Stage Review;0
devinternal;GxP Request Privileges;13;GxP Superuser;16;Close Without Signing;0
devinternal;GxP Request Privileges;13;GxP Superuser;17;Approve;0
devinternal;GxP Request Privileges;14;Gxp-Active Directory Sync Test Role;1;View;0
devinternal;GxP Request Privileges;14;Gxp-Active Directory Sync Test Role;2;Add;0
devinternal;GxP Request Privileges;14;Gxp-Active Directory Sync Test Role;3;Edit;0
devinternal;GxP Request Privileges;14;Gxp-Active Directory Sync Test Role;4;Move;0
devinternal;GxP Request Privileges;14;Gxp-Active Directory Sync Test Role;5;Export;0
devinternal;GxP Request Privileges;14;Gxp-Active Directory Sync Test Role;6;Share;0
devinternal;GxP Request Privileges;14;Gxp-Active Directory Sync Test Role;7;Read Dependent Share;0
devinternal;GxP Request Privileges;14;Gxp-Active Directory Sync Test Role;8;Trash;0
devinternal;GxP Request Privileges;14;Gxp-Active Directory Sync Test Role;9;Share Templates;0
devinternal;GxP Request Privileges;14;Gxp-Active Directory Sync Test Role;10;Add Reviewers and Keep Open;0
devinternal;GxP Request Privileges;14;Gxp-Active Directory Sync Test Role;11;Sign and Add Reviewers;0
devinternal;GxP Request Privileges;14;Gxp-Active Directory Sync Test Role;12;Sign and Keep Open;0
devinternal;GxP Request Privileges;14;Gxp-Active Directory Sync Test Role;13;Void;0
devinternal;GxP Request Privileges;14;Gxp-Active Directory Sync Test Role;14;Sign and Close Without Witnessing;0
devinternal;GxP Request Privileges;14;Gxp-Active Directory Sync Test Role;15;Two Stage Review;0
devinternal;GxP Request Privileges;14;Gxp-Active Directory Sync Test Role;16;Close Without Signing;0
devinternal;GxP Request Privileges;14;Gxp-Active Directory Sync Test Role;17;Approve;0
devinternal;GxP Request Privileges;15;HELM User;1;View;0
devinternal;GxP Request Privileges;15;HELM User;2;Add;0
devinternal;GxP Request Privileges;15;HELM User;3;Edit;0
devinternal;GxP Request Privileges;15;HELM User;4;Move;0
devinternal;GxP Request Privileges;15;HELM User;5;Export;0
devinternal;GxP Request Privileges;15;HELM User;6;Share;0
devinternal;GxP Request Privileges;15;HELM User;7;Read Dependent Share;0
devinternal;GxP Request Privileges;15;HELM User;8;Trash;0
devinternal;GxP Request Privileges;15;HELM User;9;Share Templates;0
devinternal;GxP Request Privileges;15;HELM User;10;Add Reviewers and Keep Open;0
devinternal;GxP Request Privileges;15;HELM User;11;Sign and Add Reviewers;0
devinternal;GxP Request Privileges;15;HELM User;12;Sign and Keep Open;0
devinternal;GxP Request Privileges;15;HELM User;13;Void;0
devinternal;GxP Request Privileges;15;HELM User;14;Sign and Close Without Witnessing;0
devinternal;GxP Request Privileges;15;HELM User;15;Two Stage Review;0
devinternal;GxP Request Privileges;15;HELM User;16;Close Without Signing;0
devinternal;GxP Request Privileges;15;HELM User;17;Approve;0
devinternal;GxP Request Privileges;16;Janssen Internal User;1;View;0
devinternal;GxP Request Privileges;16;Janssen Internal User;2;Add;0
devinternal;GxP Request Privileges;16;Janssen Internal User;3;Edit;0
devinternal;GxP Request Privileges;16;Janssen Internal User;4;Move;0
devinternal;GxP Request Privileges;16;Janssen Internal User;5;Export;0
devinternal;GxP Request Privileges;16;Janssen Internal User;6;Share;0
devinternal;GxP Request Privileges;16;Janssen Internal User;7;Read Dependent Share;0
devinternal;GxP Request Privileges;16;Janssen Internal User;8;Trash;0
devinternal;GxP Request Privileges;16;Janssen Internal User;9;Share Templates;0
devinternal;GxP Request Privileges;16;Janssen Internal User;10;Add Reviewers and Keep Open;0
devinternal;GxP Request Privileges;16;Janssen Internal User;11;Sign and Add Reviewers;0
devinternal;GxP Request Privileges;16;Janssen Internal User;12;Sign and Keep Open;0
devinternal;GxP Request Privileges;16;Janssen Internal User;13;Void;0
devinternal;GxP Request Privileges;16;Janssen Internal User;14;Sign and Close Without Witnessing;0
devinternal;GxP Request Privileges;16;Janssen Internal User;15;Two Stage Review;0
devinternal;GxP Request Privileges;16;Janssen Internal User;16;Close Without Signing;0
devinternal;GxP Request Privileges;16;Janssen Internal User;17;Approve;0
devinternal;GxP Request Privileges;17;LAC User;1;View;0
devinternal;GxP Request Privileges;17;LAC User;2;Add;0
devinternal;GxP Request Privileges;17;LAC User;3;Edit;0
devinternal;GxP Request Privileges;17;LAC User;4;Move;0
devinternal;GxP Request Privileges;17;LAC User;5;Export;0
devinternal;GxP Request Privileges;17;LAC User;6;Share;0
devinternal;GxP Request Privileges;17;LAC User;7;Read Dependent Share;0
devinternal;GxP Request Privileges;17;LAC User;8;Trash;0
devinternal;GxP Request Privileges;17;LAC User;9;Share Templates;0
devinternal;GxP Request Privileges;17;LAC User;10;Add Reviewers and Keep Open;0
devinternal;GxP Request Privileges;17;LAC User;11;Sign and Add Reviewers;0
devinternal;GxP Request Privileges;17;LAC User;12;Sign and Keep Open;0
devinternal;GxP Request Privileges;17;LAC User;13;Void;0
devinternal;GxP Request Privileges;17;LAC User;14;Sign and Close Without Witnessing;0
devinternal;GxP Request Privileges;17;LAC User;15;Two Stage Review;0
devinternal;GxP Request Privileges;17;LAC User;16;Close Without Signing;0
devinternal;GxP Request Privileges;17;LAC User;17;Approve;0
devinternal;GxP Request Privileges;18;ML Key User;1;View;0
devinternal;GxP Request Privileges;18;ML Key User;2;Add;0
devinternal;GxP Request Privileges;18;ML Key User;3;Edit;0
devinternal;GxP Request Privileges;18;ML Key User;4;Move;0
devinternal;GxP Request Privileges;18;ML Key User;5;Export;0
devinternal;GxP Request Privileges;18;ML Key User;6;Share;0
devinternal;GxP Request Privileges;18;ML Key User;7;Read Dependent Share;0
devinternal;GxP Request Privileges;18;ML Key User;8;Trash;0
devinternal;GxP Request Privileges;18;ML Key User;9;Share Templates;0
devinternal;GxP Request Privileges;18;ML Key User;10;Add Reviewers and Keep Open;0
devinternal;GxP Request Privileges;18;ML Key User;11;Sign and Add Reviewers;0
devinternal;GxP Request Privileges;18;ML Key User;12;Sign and Keep Open;0
devinternal;GxP Request Privileges;18;ML Key User;13;Void;0
devinternal;GxP Request Privileges;18;ML Key User;14;Sign and Close Without Witnessing;0
devinternal;GxP Request Privileges;18;ML Key User;15;Two Stage Review;0
devinternal;GxP Request Privileges;18;ML Key User;16;Close Without Signing;0
devinternal;GxP Request Privileges;18;ML Key User;17;Approve;0
devinternal;GxP Request Privileges;19;Non-GxP Standard User;1;View;0
devinternal;GxP Request Privileges;19;Non-GxP Standard User;2;Add;0
devinternal;GxP Request Privileges;19;Non-GxP Standard User;3;Edit;0
devinternal;GxP Request Privileges;19;Non-GxP Standard User;4;Move;0
devinternal;GxP Request Privileges;19;Non-GxP Standard User;5;Export;0
devinternal;GxP Request Privileges;19;Non-GxP Standard User;6;Share;0
devinternal;GxP Request Privileges;19;Non-GxP Standard User;7;Read Dependent Share;0
devinternal;GxP Request Privileges;19;Non-GxP Standard User;8;Trash;0
devinternal;GxP Request Privileges;19;Non-GxP Standard User;9;Share Templates;0
devinternal;GxP Request Privileges;19;Non-GxP Standard User;10;Add Reviewers and Keep Open;0
devinternal;GxP Request Privileges;19;Non-GxP Standard User;11;Sign and Add Reviewers;0
devinternal;GxP Request Privileges;19;Non-GxP Standard User;12;Sign and Keep Open;0
devinternal;GxP Request Privileges;19;Non-GxP Standard User;13;Void;0
devinternal;GxP Request Privileges;19;Non-GxP Standard User;14;Sign and Close Without Witnessing;0
devinternal;GxP Request Privileges;19;Non-GxP Standard User;15;Two Stage Review;0
devinternal;GxP Request Privileges;19;Non-GxP Standard User;16;Close Without Signing;0
devinternal;GxP Request Privileges;19;Non-GxP Standard User;17;Approve;0
devinternal;GxP Request Privileges;20;PMP test;1;View;0
devinternal;GxP Request Privileges;20;PMP test;2;Add;0
devinternal;GxP Request Privileges;20;PMP test;3;Edit;0
devinternal;GxP Request Privileges;20;PMP test;4;Move;0
devinternal;GxP Request Privileges;20;PMP test;5;Export;0
devinternal;GxP Request Privileges;20;PMP test;6;Share;0
devinternal;GxP Request Privileges;20;PMP test;7;Read Dependent Share;0
devinternal;GxP Request Privileges;20;PMP test;8;Trash;0
devinternal;GxP Request Privileges;20;PMP test;9;Share Templates;0
devinternal;GxP Request Privileges;20;PMP test;10;Add Reviewers and Keep Open;0
devinternal;GxP Request Privileges;20;PMP test;11;Sign and Add Reviewers;0
devinternal;GxP Request Privileges;20;PMP test;12;Sign and Keep Open;0
devinternal;GxP Request Privileges;20;PMP test;13;Void;0
devinternal;GxP Request Privileges;20;PMP test;14;Sign and Close Without Witnessing;0
devinternal;GxP Request Privileges;20;PMP test;15;Two Stage Review;0
devinternal;GxP Request Privileges;20;PMP test;16;Close Without Signing;0
devinternal;GxP Request Privileges;20;PMP test;17;Approve;0
devinternal;GxP Request Privileges;21;ReseachCenterManager;1;View;0
devinternal;GxP Request Privileges;21;ReseachCenterManager;2;Add;0
devinternal;GxP Request Privileges;21;ReseachCenterManager;3;Edit;0
devinternal;GxP Request Privileges;21;ReseachCenterManager;4;Move;0
devinternal;GxP Request Privileges;21;ReseachCenterManager;5;Export;0
devinternal;GxP Request Privileges;21;ReseachCenterManager;6;Share;0
devinternal;GxP Request Privileges;21;ReseachCenterManager;7;Read Dependent Share;0
devinternal;GxP Request Privileges;21;ReseachCenterManager;8;Trash;0
devinternal;GxP Request Privileges;21;ReseachCenterManager;9;Share Templates;0
devinternal;GxP Request Privileges;21;ReseachCenterManager;10;Add Reviewers and Keep Open;0
devinternal;GxP Request Privileges;21;ReseachCenterManager;11;Sign and Add Reviewers;0
devinternal;GxP Request Privileges;21;ReseachCenterManager;12;Sign and Keep Open;0
devinternal;GxP Request Privileges;21;ReseachCenterManager;13;Void;0
devinternal;GxP Request Privileges;21;ReseachCenterManager;14;Sign and Close Without Witnessing;0
devinternal;GxP Request Privileges;21;ReseachCenterManager;15;Two Stage Review;0
devinternal;GxP Request Privileges;21;ReseachCenterManager;16;Close Without Signing;0
devinternal;GxP Request Privileges;21;ReseachCenterManager;17;Approve;0
devinternal;GxP Request Privileges;22;ResearchCenterUser;1;View;0
devinternal;GxP Request Privileges;22;ResearchCenterUser;2;Add;0
devinternal;GxP Request Privileges;22;ResearchCenterUser;3;Edit;0
devinternal;GxP Request Privileges;22;ResearchCenterUser;4;Move;0
devinternal;GxP Request Privileges;22;ResearchCenterUser;5;Export;0
devinternal;GxP Request Privileges;22;ResearchCenterUser;6;Share;0
devinternal;GxP Request Privileges;22;ResearchCenterUser;7;Read Dependent Share;0
devinternal;GxP Request Privileges;22;ResearchCenterUser;8;Trash;0
devinternal;GxP Request Privileges;22;ResearchCenterUser;9;Share Templates;0
devinternal;GxP Request Privileges;22;ResearchCenterUser;10;Add Reviewers and Keep Open;0
devinternal;GxP Request Privileges;22;ResearchCenterUser;11;Sign and Add Reviewers;0
devinternal;GxP Request Privileges;22;ResearchCenterUser;12;Sign and Keep Open;0
devinternal;GxP Request Privileges;22;ResearchCenterUser;13;Void;0
devinternal;GxP Request Privileges;22;ResearchCenterUser;14;Sign and Close Without Witnessing;0
devinternal;GxP Request Privileges;22;ResearchCenterUser;15;Two Stage Review;0
devinternal;GxP Request Privileges;22;ResearchCenterUser;16;Close Without Signing;0
devinternal;GxP Request Privileges;22;ResearchCenterUser;17;Approve;0
devinternal;GxP Request Privileges;23;ResearchCenterViewer;1;View;0
devinternal;GxP Request Privileges;23;ResearchCenterViewer;2;Add;0
devinternal;GxP Request Privileges;23;ResearchCenterViewer;3;Edit;0
devinternal;GxP Request Privileges;23;ResearchCenterViewer;4;Move;0
devinternal;GxP Request Privileges;23;ResearchCenterViewer;5;Export;0
devinternal;GxP Request Privileges;23;ResearchCenterViewer;6;Share;0
devinternal;GxP Request Privileges;23;ResearchCenterViewer;7;Read Dependent Share;0
devinternal;GxP Request Privileges;23;ResearchCenterViewer;8;Trash;0
devinternal;GxP Request Privileges;23;ResearchCenterViewer;9;Share Templates;0
devinternal;GxP Request Privileges;23;ResearchCenterViewer;10;Add Reviewers and Keep Open;0
devinternal;GxP Request Privileges;23;ResearchCenterViewer;11;Sign and Add Reviewers;0
devinternal;GxP Request Privileges;23;ResearchCenterViewer;12;Sign and Keep Open;0
devinternal;GxP Request Privileges;23;ResearchCenterViewer;13;Void;0
devinternal;GxP Request Privileges;23;ResearchCenterViewer;14;Sign and Close Without Witnessing;0
devinternal;GxP Request Privileges;23;ResearchCenterViewer;15;Two Stage Review;0
devinternal;GxP Request Privileges;23;ResearchCenterViewer;16;Close Without Signing;0
devinternal;GxP Request Privileges;23;ResearchCenterViewer;17;Approve;0
devinternal;GxP Request Privileges;24;Sign & 2 Stage Review;1;View;0
devinternal;GxP Request Privileges;24;Sign & 2 Stage Review;2;Add;0
devinternal;GxP Request Privileges;24;Sign & 2 Stage Review;3;Edit;0
devinternal;GxP Request Privileges;24;Sign & 2 Stage Review;4;Move;0
devinternal;GxP Request Privileges;24;Sign & 2 Stage Review;5;Export;0
devinternal;GxP Request Privileges;24;Sign & 2 Stage Review;6;Share;0
devinternal;GxP Request Privileges;24;Sign & 2 Stage Review;7;Read Dependent Share;0
devinternal;GxP Request Privileges;24;Sign & 2 Stage Review;8;Trash;0
devinternal;GxP Request Privileges;24;Sign & 2 Stage Review;9;Share Templates;0
devinternal;GxP Request Privileges;24;Sign & 2 Stage Review;10;Add Reviewers and Keep Open;0
devinternal;GxP Request Privileges;24;Sign & 2 Stage Review;11;Sign and Add Reviewers;0
devinternal;GxP Request Privileges;24;Sign & 2 Stage Review;12;Sign and Keep Open;0
devinternal;GxP Request Privileges;24;Sign & 2 Stage Review;13;Void;0
devinternal;GxP Request Privileges;24;Sign & 2 Stage Review;14;Sign and Close Without Witnessing;0
devinternal;GxP Request Privileges;24;Sign & 2 Stage Review;15;Two Stage Review;0
devinternal;GxP Request Privileges;24;Sign & 2 Stage Review;16;Close Without Signing;0
devinternal;GxP Request Privileges;24;Sign & 2 Stage Review;17;Approve;0
devinternal;GxP Request Privileges;25;Sign & Close;1;View;0
devinternal;GxP Request Privileges;25;Sign & Close;2;Add;0
devinternal;GxP Request Privileges;25;Sign & Close;3;Edit;0
devinternal;GxP Request Privileges;25;Sign & Close;4;Move;0
devinternal;GxP Request Privileges;25;Sign & Close;5;Export;0
devinternal;GxP Request Privileges;25;Sign & Close;6;Share;0
devinternal;GxP Request Privileges;25;Sign & Close;7;Read Dependent Share;0
devinternal;GxP Request Privileges;25;Sign & Close;8;Trash;0
devinternal;GxP Request Privileges;25;Sign & Close;9;Share Templates;0
devinternal;GxP Request Privileges;25;Sign & Close;10;Add Reviewers and Keep Open;0
devinternal;GxP Request Privileges;25;Sign & Close;11;Sign and Add Reviewers;0
devinternal;GxP Request Privileges;25;Sign & Close;12;Sign and Keep Open;0
devinternal;GxP Request Privileges;25;Sign & Close;13;Void;0
devinternal;GxP Request Privileges;25;Sign & Close;14;Sign and Close Without Witnessing;0
devinternal;GxP Request Privileges;25;Sign & Close;15;Two Stage Review;0
devinternal;GxP Request Privileges;25;Sign & Close;16;Close Without Signing;0
devinternal;GxP Request Privileges;25;Sign & Close;17;Approve;0
devinternal;GxP Request Privileges;26;Standard User NON-GxP;1;View;0
devinternal;GxP Request Privileges;26;Standard User NON-GxP;2;Add;0
devinternal;GxP Request Privileges;26;Standard User NON-GxP;3;Edit;0
devinternal;GxP Request Privileges;26;Standard User NON-GxP;4;Move;0
devinternal;GxP Request Privileges;26;Standard User NON-GxP;5;Export;0
devinternal;GxP Request Privileges;26;Standard User NON-GxP;6;Share;0
devinternal;GxP Request Privileges;26;Standard User NON-GxP;7;Read Dependent Share;0
devinternal;GxP Request Privileges;26;Standard User NON-GxP;8;Trash;0
devinternal;GxP Request Privileges;26;Standard User NON-GxP;9;Share Templates;0
devinternal;GxP Request Privileges;26;Standard User NON-GxP;10;Add Reviewers and Keep Open;0
devinternal;GxP Request Privileges;26;Standard User NON-GxP;11;Sign and Add Reviewers;0
devinternal;GxP Request Privileges;26;Standard User NON-GxP;12;Sign and Keep Open;0
devinternal;GxP Request Privileges;26;Standard User NON-GxP;13;Void;0
devinternal;GxP Request Privileges;26;Standard User NON-GxP;14;Sign and Close Without Witnessing;0
devinternal;GxP Request Privileges;26;Standard User NON-GxP;15;Two Stage Review;0
devinternal;GxP Request Privileges;26;Standard User NON-GxP;16;Close Without Signing;0
devinternal;GxP Request Privileges;26;Standard User NON-GxP;17;Approve;0
devinternal;GxP Request Privileges;27;Super User;1;View;0
devinternal;GxP Request Privileges;27;Super User;2;Add;0
devinternal;GxP Request Privileges;27;Super User;3;Edit;0
devinternal;GxP Request Privileges;27;Super User;4;Move;0
devinternal;GxP Request Privileges;27;Super User;5;Export;0
devinternal;GxP Request Privileges;27;Super User;6;Share;0
devinternal;GxP Request Privileges;27;Super User;7;Read Dependent Share;0
devinternal;GxP Request Privileges;27;Super User;8;Trash;0
devinternal;GxP Request Privileges;27;Super User;9;Share Templates;0
devinternal;GxP Request Privileges;27;Super User;10;Add Reviewers and Keep Open;0
devinternal;GxP Request Privileges;27;Super User;11;Sign and Add Reviewers;0
devinternal;GxP Request Privileges;27;Super User;12;Sign and Keep Open;0
devinternal;GxP Request Privileges;27;Super User;13;Void;0
devinternal;GxP Request Privileges;27;Super User;14;Sign and Close Without Witnessing;0
devinternal;GxP Request Privileges;27;Super User;15;Two Stage Review;0
devinternal;GxP Request Privileges;27;Super User;16;Close Without Signing;0
devinternal;GxP Request Privileges;27;Super User;17;Approve;0
devinternal;GxP Request Privileges;28;Super User Admin;1;View;0
devinternal;GxP Request Privileges;28;Super User Admin;2;Add;0
devinternal;GxP Request Privileges;28;Super User Admin;3;Edit;0
devinternal;GxP Request Privileges;28;Super User Admin;4;Move;0
devinternal;GxP Request Privileges;28;Super User Admin;5;Export;0
devinternal;GxP Request Privileges;28;Super User Admin;6;Share;0
devinternal;GxP Request Privileges;28;Super User Admin;7;Read Dependent Share;0
devinternal;GxP Request Privileges;28;Super User Admin;8;Trash;0
devinternal;GxP Request Privileges;28;Super User Admin;9;Share Templates;0
devinternal;GxP Request Privileges;28;Super User Admin;10;Add Reviewers and Keep Open;0
devinternal;GxP Request Privileges;28;Super User Admin;11;Sign and Add Reviewers;0
devinternal;GxP Request Privileges;28;Super User Admin;12;Sign and Keep Open;0
devinternal;GxP Request Privileges;28;Super User Admin;13;Void;0
devinternal;GxP Request Privileges;28;Super User Admin;14;Sign and Close Without Witnessing;0
devinternal;GxP Request Privileges;28;Super User Admin;15;Two Stage Review;0
devinternal;GxP Request Privileges;28;Super User Admin;16;Close Without Signing;0
devinternal;GxP Request Privileges;28;Super User Admin;17;Approve;0
devinternal;GxP Request Privileges;29;Template Manager;1;View;0
devinternal;GxP Request Privileges;29;Template Manager;2;Add;0
devinternal;GxP Request Privileges;29;Template Manager;3;Edit;0
devinternal;GxP Request Privileges;29;Template Manager;4;Move;0
devinternal;GxP Request Privileges;29;Template Manager;5;Export;0
devinternal;GxP Request Privileges;29;Template Manager;6;Share;0
devinternal;GxP Request Privileges;29;Template Manager;7;Read Dependent Share;0
devinternal;GxP Request Privileges;29;Template Manager;8;Trash;0
devinternal;GxP Request Privileges;29;Template Manager;9;Share Templates;0
devinternal;GxP Request Privileges;29;Template Manager;10;Add Reviewers and Keep Open;0
devinternal;GxP Request Privileges;29;Template Manager;11;Sign and Add Reviewers;0
devinternal;GxP Request Privileges;29;Template Manager;12;Sign and Keep Open;0
devinternal;GxP Request Privileges;29;Template Manager;13;Void;0
devinternal;GxP Request Privileges;29;Template Manager;14;Sign and Close Without Witnessing;0
devinternal;GxP Request Privileges;29;Template Manager;15;Two Stage Review;0
devinternal;GxP Request Privileges;29;Template Manager;16;Close Without Signing;0
devinternal;GxP Request Privileges;29;Template Manager;17;Approve;0
devinternal;GxP Request Privileges;30;test;1;View;0
devinternal;GxP Request Privileges;30;test;2;Add;0
devinternal;GxP Request Privileges;30;test;3;Edit;0
devinternal;GxP Request Privileges;30;test;4;Move;0
devinternal;GxP Request Privileges;30;test;5;Export;0
devinternal;GxP Request Privileges;30;test;6;Share;0
devinternal;GxP Request Privileges;30;test;7;Read Dependent Share;0
devinternal;GxP Request Privileges;30;test;8;Trash;0
devinternal;GxP Request Privileges;30;test;9;Share Templates;0
devinternal;GxP Request Privileges;30;test;10;Add Reviewers and Keep Open;0
devinternal;GxP Request Privileges;30;test;11;Sign and Add Reviewers;0
devinternal;GxP Request Privileges;30;test;12;Sign and Keep Open;0
devinternal;GxP Request Privileges;30;test;13;Void;0
devinternal;GxP Request Privileges;30;test;14;Sign and Close Without Witnessing;0
devinternal;GxP Request Privileges;30;test;15;Two Stage Review;0
devinternal;GxP Request Privileges;30;test;16;Close Without Signing;0
devinternal;GxP Request Privileges;30;test;17;Approve;0